{"init_params": {"cat_dims": [], "cat_emb_dim": [], "cat_idxs": [], "clip_value": 4.5, "device_name": "auto", "epsilon": 1e-15, "gamma": 1.85, "grouped_features": [], "input_dim": 77, "lambda_sparse": 0.001, "mask_type": "sparsemax", "momentum": 0.02, "n_a": 77, "n_d": 77, "n_indep_decoder": 1, "n_independent": 2, "n_shared": 2, "n_shared_decoder": 1, "n_steps": 5, "optimizer_params": {"lr": 0.01}, "output_dim": 15, "scheduler_params": {"verbose": false, "gamma": 0.9}, "seed": 314159, "verbose": 0}, "class_attrs": {"preds_mapper": {"0": 0, "1": 1, "2": 2, "3": 3, "4": 4, "5": 5, "6": 6, "7": 7, "8": 8, "9": 9, "10": 10, "11": 11, "12": 12, "13": 13, "14": 14}}}